{
  "components/amp/products/product-view": "<div class=\"productView\">\r\n    {{#each product.reviews.messages}}\r\n        {{#if error}}\r\n            {{>components/amp/common/alert-error error}}\r\n        {{/if}}\r\n        {{#if success}}\r\n            {{>components/amp/common/alert-success success}}\r\n        {{/if}}\r\n    {{/each}}\r\n\r\n    {{> components/amp/products/product-view-details}}\r\n    <section class=\"productView-images\" data-image-gallery>\r\n        <amp-carousel width=\"250\"\r\n            height=\"250\"\r\n            layout=\"responsive\"\r\n            autoplay\r\n            delay=\"5000\"\r\n            type=\"slides\">\r\n            {{#each product.images}}\r\n                <amp-img src=\"{{getImage this 'product_size' (cdn ../theme_settings.default_image_product)}}\"\r\n                    width=\"250\"\r\n                    height=\"250\"\r\n                    layout=\"responsive\"\r\n                    alt=\"{{this.alt}}\">\r\n                </amp-img>\r\n            {{/each}}\r\n        </amp-carousel>\r\n    </section>\r\n    <div class=\"productView-action\">\r\n        {{#or customer (if theme_settings.restrict_to_login '!==' true)}}\r\n            {{#if product.options}}\r\n                <amp-iframe height=\"400\" width=\"250\"\r\n                    layout=\"responsive\"\r\n                    sandbox=\"allow-forms allow-pointer-lock allow-popups allow-same-origin allow-scripts allow-top-navigation allow-modals\"\r\n                    resizable\r\n                    sandbox=\"allow-scripts allow-forms allow-top-navigation\"\r\n                    src=\"{{product.amp_options_url}}\">\r\n                    <div class=\"button button--primary button--wide\" overflow tabindex=\"0\" role=\"button\">Choose Options</div>\r\n                </amp-iframe>\r\n            {{else}}\r\n                <a class=\"button button--primary button--wide\" role=\"button\" href=\"{{product.cart_url}}\">Add To Cart</a>\r\n            {{/if}}\r\n        {{/or}}\r\n        {{#if product.out_of_stock}}\r\n            {{#if product.out_of_stock_message}}\r\n                {{>components/amp/common/alert-error product.out_of_stock_message}}\r\n            {{else}}\r\n                {{>components/amp/common/alert-error (lang 'products.sold_out')}}\r\n            {{/if}}\r\n        {{/if}}\r\n    </div>\r\n\r\n    <amp-accordion class=\"productAccordion-wrapper\">\r\n        {{#if product.description}}\r\n            <section expanded class=\"productAccordion\">\r\n                <h4 class=\"productAccordion-title\">Description</h4>\r\n                <div class=\"productAccordion-content\">\r\n                    {{{product.description}}}\r\n                </div>\r\n            </section>\r\n        {{/if}}\r\n        {{#if product.videos.list.length}}\r\n            {{> components/amp/products/videos product.videos}}\r\n        {{/if}}\r\n        {{#if settings.show_product_reviews}}\r\n            {{> components/amp/products/reviews reviews=product.reviews product=product urls=urls}}\r\n        {{/if}}\r\n        {{#if settings.add_this.buttons}}\r\n            <section expanded class=\"productAccordion\">\r\n                <h4 class=\"productAccordion-title\">Share</h4>\r\n                <div class=\"productAccordion-content social-share\">\r\n                    {{> components/amp/common/share }}\r\n                </div>\r\n            </section>\r\n        {{/if}}\r\n    </amp-accordion>\r\n</div>\r\n",
  "components/amp/common/alert-success": "<div class=\"alertBox alertBox--success\">\r\n    <div class=\"alertBox-column alertBox-icon\">\r\n        <span class=\"icon\" aria-hidden=\"true\"><svg xmlns=\"http://www.w3.org/2000/svg\" width=\"24\" height=\"24\" viewBox=\"0 0 24 24\"><path d=\"M12 2C6.48 2 2 6.48 2 12s4.48 10 10 10 10-4.48 10-10S17.52 2 12 2zm1 15h-2v-2h2v2zm0-4h-2V7h2v6z\"></path></svg></span>\r\n    </div>\r\n    <p class=\"alertBox-column alertBox-message\">\r\n        <span>{{{this}}}</span>\r\n    </p>\r\n</div>\r\n",
  "components/amp/common/alert-error": "<div class=\"alertBox alertBox--error\">\r\n    <div class=\"alertBox-column alertBox-icon\">\r\n        <span class=\"icon\" aria-hidden=\"true\"><svg xmlns=\"http://www.w3.org/2000/svg\" width=\"24\" height=\"24\" viewBox=\"0 0 24 24\"><path d=\"M12 2C6.48 2 2 6.48 2 12s4.48 10 10 10 10-4.48 10-10S17.52 2 12 2zm1 15h-2v-2h2v2zm0-4h-2V7h2v6z\"></path></svg></span>\r\n    </div>\r\n    <p class=\"alertBox-column alertBox-message\">\r\n        <span>{{{this}}}</span>\r\n    </p>\r\n</div>\r\n",
  "components/amp/products/videos": "<section expanded class=\"productAccordion\" data-video-gallery>\r\n    <h4 class=\"productAccordion-title\">\r\n        {{lang 'products.videos.header'}}\r\n    </h4>\r\n    <div class=\"productAccordion-content\">\r\n        <amp-carousel width=\"640\"\r\n            height=\"490\"\r\n            layout=\"responsive\"\r\n            type=\"slides\">\r\n            {{#each this.list}}\r\n                <div>\r\n                    <div>\r\n                        <amp-youtube\r\n                            data-videoid=\"{{id}}\"\r\n                            layout=\"responsive\"\r\n                            width=\"640\"\r\n                            height=\"390\">\r\n                        </amp-youtube>\r\n                    </div>\r\n                    <div class=\"video-body\">\r\n                        <h5 class=\"video-title\">{{title_long}}</h5>\r\n                        <p class=\"video-description\">{{description_short}}</p>\r\n                    </div>\r\n                </div>\r\n            {{/each}}\r\n        </amp-carousel>\r\n    </div>\r\n</section>\r\n",
  "components/amp/products/reviews": "{{#if reviews.total}}\r\n    <section expanded class=\"productAccordion\">\r\n        <h4 class=\"productAccordion-title\">\r\n            {{lang 'products.reviews.header' total=reviews.total}}\r\n        </h4>\r\n        <div class=\"productAccordion-content\">\r\n            <ul class=\"productReviews-list\" id=\"productReviews-list\">\r\n                {{#each reviews.list}}\r\n                <li class=\"productReview\">\r\n                    <article itemprop=\"review\" itemscope itemtype=\"http://schema.org/Review\">\r\n                        <header>\r\n                            <span class=\"productReview-rating rating--small\" itemprop=\"reviewRating\" itemscope itemtype=\"http://schema.org/Rating\">\r\n                                {{> components/amp/products/ratings rating=rating}}\r\n                                <span class=\"productReview-ratingNumber\" itemprop=\"ratingValue\">{{ rating }}</span>\r\n                            </span>\r\n                            <h5 itemprop=\"name\" class=\"productReview-title\">{{ title }}</h5>\r\n                            {{#if name}}\r\n                                <meta itemprop=\"author\" content=\"{{name}}\">\r\n                                <p class=\"productReview-author\">\r\n                                    {{lang 'products.reviews.post_on_by' date=date name=name }}\r\n                                </p>\r\n                            {{else}}\r\n                                <p class=\"productReview-author\">\r\n                                    {{lang 'products.reviews.post_on_by' date=date name=(lang 'products.reviews.anonymous_poster')}}\r\n                                </p>\r\n                            {{/if}}\r\n                        </header>\r\n                        <p itemprop=\"reviewBody\" class=\"productReview-body\">{{nl2br text}}</p>\r\n                    </article>\r\n                </li>\r\n                {{/each}}\r\n            </ul>\r\n            {{> components/common/paginator pagination.reviews}}\r\n        </div>\r\n    </section>\r\n{{/if}}\r\n",
  "components/amp/products/product-view-details": "<section class=\"productView-details\">\r\n    <div class=\"productView-product\">\r\n        <h1 class=\"productView-title\" {{#if schema}}itemprop=\"name\"{{/if}}>{{product.title}}</h1>\r\n        {{#if product.brand }}\r\n        <h2 class=\"productView-brand\"{{#if schema}} itemprop=\"brand\" itemscope itemtype=\"http://schema.org/Brand\"{{/if}}>\r\n            <a href=\"{{product.brand.url}}\"{{#if schema}} itemprop=\"url\"{{/if}}><span{{#if schema}} itemprop=\"name\"{{/if}}>{{product.brand.name}}</span></a>\r\n        </h2>\r\n        {{/if}}\r\n        {{#if product.call_for_price}}\r\n            <p class=\"productView-price\">\r\n                <span>{{product.call_for_price}}</span>\r\n            </p>\r\n        {{/if}}\r\n        {{#if product.price}}\r\n            <div class=\"productView-price\">\r\n                {{> components/products/price price=product.price schema_org=schema}}\r\n            </div>\r\n        {{/if}}\r\n        {{product.detail_messages}}\r\n        {{#if settings.show_product_rating}}\r\n            {{> components/amp/products/ratings rating=product.rating}}\r\n        {{/if}}\r\n        <dl class=\"productView-info\">\r\n            {{#if product.sku}}\r\n                <dt class=\"productView-info-name\">{{lang 'products.sku'}}</dt>\r\n                <dd class=\"productView-info-value\" data-product-sku>{{product.sku}}</dd>\r\n            {{/if}}\r\n            {{#if product.upc}}\r\n                <dt class=\"productView-info-name\">{{lang 'products.upc'}}</dt>\r\n                <dd class=\"productView-info-value\" data-product-upc>{{product.upc}}</dd>\r\n            {{/if}}\r\n            {{#if product.condition}}\r\n                <dt class=\"productView-info-name\">{{lang 'products.condition'}}</dt>\r\n                <dd class=\"productView-info-value\">{{product.condition}}</dd>\r\n            {{/if}}\r\n            {{#if product.availability}}\r\n                <dt class=\"productView-info-name\">{{lang 'products.availability'}}</dt>\r\n                <dd class=\"productView-info-value\">{{product.availability}}</dd>\r\n            {{/if}}\r\n            {{#if product.weight}}\r\n                <dt class=\"productView-info-name\">{{lang 'products.weight'}}</dt>\r\n                <dd class=\"productView-info-value\" data-product-weight>{{product.weight}}</dd>\r\n            {{/if}}\r\n            {{#if product.min_purchase_quantity}}\r\n                <dt class=\"productView-info-name\">{{lang 'products.min_purchase_quantity'}}</dt>\r\n                <dd class=\"productView-info-value\">{{lang 'products.purchase_units' quantity=product.min_purchase_quantity}}</dd>\r\n            {{/if}}\r\n            {{#if product.max_purchase_quantity}}\r\n                <dt class=\"productView-info-name\">{{lang 'products.max_purchase_quantity'}}</dt>\r\n                <dd class=\"productView-info-value\">{{lang 'products.purchase_units' quantity=product.max_purchase_quantity}}</dd>\r\n            {{/if}}\r\n            {{#if product.gift_wrapping_available}}\r\n                <dt class=\"productView-info-name\">{{lang 'products.gift_wrapping'}}</dt>\r\n                <dd class=\"productView-info-value\">{{lang 'products.gift_wrapping_available'}}</dd>\r\n            {{/if}}\r\n            {{#if product.shipping}}\r\n                {{#if product.shipping.calculated}}\r\n                    <dt class=\"productView-info-name\">{{lang 'products.shipping'}}</dt>\r\n                    <dd class=\"productView-info-value\">{{lang 'products.shipping_calculated'}}</dd>\r\n                {{else}}\r\n                    {{#if product.shipping.price.value '===' 0}}\r\n                        <dt class=\"productView-info-name\">{{lang 'products.shipping'}}</dt>\r\n                        <dd class=\"productView-info-value\">{{lang 'products.shipping_free'}}</dd>\r\n                    {{else}}\r\n                        <dt class=\"productView-info-name\">{{lang 'products.shipping'}}</dt>\r\n                        <dd class=\"productView-info-value\">{{lang 'products.shipping_fixed' amount=product.shipping.price.formatted}}</dd>\r\n                    {{/if}}\r\n                {{/if}}\r\n            {{/if}}\r\n            {{#if product.bulk_discount_rates.length}}\r\n                <dt class=\"productView-info-name\">{{lang 'products.bulk_pricing.title'}}</dt>\r\n                <dd class=\"productView-info-value\">\r\n                    <a href=\"{{product.url}}\"\r\n                        {{#unless is_ajax }}data-reveal-id=\"bulkPricingModal\" {{/unless}}>\r\n                        {{lang 'products.bulk_pricing.view'}}\r\n                    </a>\r\n                </dd>\r\n\r\n                <div id=\"bulkPricingModal\" class=\"modal modal--small\" data-reveal>\r\n                    <div class=\"modal-header\">\r\n                        <h2 class=\"modal-header-title\">{{lang 'products.bulk_pricing.modal_title'}}</h2>\r\n                        <a href=\"#\" class=\"modal-close\" aria-label=\"Close\"><span aria-hidden=\"true\">&#215;</span></a>\r\n                    </div>\r\n                    <div class=\"modal-body\">\r\n                        <p>{{lang 'products.bulk_pricing.instructions'}}</p>\r\n                        <ul>\r\n                        {{#each product.bulk_discount_rates}}\r\n                            <li>\r\n                                {{lang 'products.bulk_pricing.range' min=min max=max}}\r\n                                {{#if type '===' 'percent'}}\r\n                                    {{lang 'products.bulk_pricing.percent' discount=discount.formatted}}\r\n                                {{/if}}\r\n                                {{#if type '===' 'fixed'}}\r\n                                    {{lang 'products.bulk_pricing.fixed' discount=discount.formatted}}\r\n                                {{/if}}\r\n                                {{#if type '===' 'price'}}\r\n                                    {{lang 'products.bulk_pricing.price' discount=discount.formatted}}\r\n                                {{/if}}\r\n                            </li>\r\n                        {{/each}}\r\n                        </ul>\r\n                    </div>\r\n                </div>\r\n            {{/if}}\r\n\r\n            {{#each product.custom_fields}}\r\n                <dt class=\"productView-info-name\">{{name}}:</dt>\r\n                <dd class=\"productView-info-value\">{{{value}}}</dd>\r\n            {{/each}}\r\n        </dl>\r\n    </div>\r\n</section>\r\n",
  "components/amp/common/share": "{{#if settings.add_this.buttons}}\r\n    <ul class=\"socialLinks\" data-addthis:url=\"{{url}}\" data-addthis:title=\"{{title}}\">\r\n        {{#each settings.add_this.buttons}}\r\n            {{#all (if service '!==' 'google') (if service '!==' 'print') (if service '!==' 'facebook')}}\r\n                <li class=\"socialLinks-item socialLinks-item--{{service}}\">\r\n                  {{#if service '===' 'google_plusone'}}\r\n                        <amp-social-share class=\"amp-social-share\" data-vars-product-link=\"{{url}}\" data-vars-product-id=\"{{id}}\" data-vars-product-name=\"{{name}}\" data-vars-social-type=\"gplus\" type=\"gplus\"></amp-social-share>\r\n                    {{else}}\r\n                        <amp-social-share class=\"amp-social-share\" data-vars-product-link=\"{{url}}\" data-vars-product-id=\"{{id}}\" data-vars-product-name=\"{{name}}\" data-vars-social-type=\"{{service}}\" type=\"{{service}}\"></amp-social-share>\r\n                  {{/if}}\r\n                </li>\r\n            {{/all}}\r\n        {{/each}}\r\n    </ul>\r\n{{/if}}\r\n",
  "components/amp/products/ratings": "{{#for 1 5}}\r\n    {{#if ../this.rating '>=' $index}}\r\n        <span class=\"icon icon--ratingFull\">\r\n            <svg xmlns=\"http://www.w3.org/2000/svg\" width=\"26\" height=\"28\" viewBox=\"0 0 26 28\"><path d=\"M0 10.11q0-.58.875-.72L8.72 8.25l3.515-7.11Q12.532.5 13 .5t.767.64l3.516 7.11 7.844 1.14q.875.14.875.72 0 .343-.406.75l-5.672 5.53 1.344 7.812q.016.11.016.313 0 .328-.164.555t-.477.227q-.297 0-.625-.187l-7.016-3.687-7.016 3.687q-.344.187-.625.187-.327 0-.49-.227t-.165-.555q0-.094.03-.313L6.08 16.39.392 10.86q-.39-.423-.39-.75z\"/></svg>\r\n        </span>\r\n    {{else}}\r\n        <span class=\"icon icon--ratingEmpty\">\r\n            <svg xmlns=\"http://www.w3.org/2000/svg\" width=\"26\" height=\"28\" viewBox=\"0 0 26 28\"><path d=\"M0 10.11q0-.58.875-.72L8.72 8.25l3.515-7.11Q12.532.5 13 .5t.767.64l3.516 7.11 7.844 1.14q.875.14.875.72 0 .343-.406.75l-5.672 5.53 1.344 7.812q.016.11.016.313 0 .328-.164.555t-.477.227q-.297 0-.625-.187l-7.016-3.687-7.016 3.687q-.344.187-.625.187-.327 0-.49-.227t-.165-.555q0-.094.03-.313L6.08 16.39.392 10.86q-.39-.423-.39-.75z\"/></svg>\r\n        </span>\r\n    {{/if}}\r\n{{/for}}\r\n{{{snippet 'product_rating'}}}\r\n",
  "components/common/paginator": "<div class=\"pagination\">\r\n    <ul class=\"pagination-list\">\r\n        {{#if previous}}\r\n            <li class=\"pagination-item pagination-item--previous\">\r\n                <a class=\"pagination-link\" href=\"{{previous}}\" {{#unless reload}}data-faceted-search-facet{{/unless}}>\r\n                    <i class=\"icon\" aria-hidden=\"true\">\r\n                        <svg>\r\n                            <use xmlns:xlink=\"http://www.w3.org/1999/xlink\" xlink:href=\"#icon-chevron-left\"></use>\r\n                        </svg>\r\n                    </i>\r\n                    {{lang 'common.previous'}}\r\n                </a>\r\n            </li>\r\n        {{/if}}\r\n        {{#each links}}\r\n            {{#if this.number '==' ../current}}\r\n                <li class=\"pagination-item pagination-item--current\">\r\n                    <a class=\"pagination-link\" href=\"{{this.url}}\" {{#unless reload}}data-faceted-search-facet{{/unless}}>{{this.number}}</a>\r\n                </li>\r\n            {{else}}\r\n                <li class=\"pagination-item\">\r\n                    <a class=\"pagination-link\" href=\"{{this.url}}\" {{#unless reload}}data-faceted-search-facet{{/unless}}>{{this.number}}</a>\r\n                </li>\r\n            {{/if}}\r\n        {{/each}}\r\n\r\n        {{#if next}}\r\n            <li class=\"pagination-item pagination-item--next\">\r\n                <a class=\"pagination-link\" href=\"{{next}}\" {{#unless reload}}data-faceted-search-facet{{/unless}}>\r\n                    {{lang 'common.next'}}\r\n                    <i class=\"icon\" aria-hidden=\"true\">\r\n                        <svg>\r\n                            <use xmlns:xlink=\"http://www.w3.org/1999/xlink\" xlink:href=\"#icon-chevron-right\"></use>\r\n                        </svg>\r\n                    </i>\r\n                </a>\r\n            </li>\r\n        {{/if}}\r\n    </ul>\r\n</div>\r\n",
  "components/products/price": "{{#or has_options product.options.length}}\r\n    {{#if price.with_tax}}\r\n        <div class=\"price-section price-section--withTax\" {{#if schema_org}}itemprop=\"offers\" itemscope itemtype=\"http://schema.org/Offer\"{{/if}}>\r\n            {{#if price.rrp_with_tax}}\r\n                <span data-product-rrp-with-tax class=\"price price--rrp\">{{price.rrp_with_tax.formatted}}</span>\r\n            {{/if}}\r\n            {{#if page_type '!==' 'product'}}\r\n                {{#if theme_settings.price_as_low_as}}\r\n                    <span translate>As low as </span>\r\n                {{/if}}\r\n            {{/if}}\r\n            <span data-product-price-with-tax class=\"price\">{{price.with_tax.formatted}}</span>\r\n            {{#if price.without_tax}}\r\n                {{lang 'products.price_with_tax' tax_label=price.tax_label}}\r\n            {{/if}}\r\n        </div>\r\n    {{/if}}\r\n    {{#if price.without_tax}}\r\n        <div class=\"price-section price-section--withoutTax {{#if price.with_tax}}price-section--minor{{/if}}\"  {{#if schema_org}}itemprop=\"offers\" itemscope itemtype=\"http://schema.org/Offer\"{{/if}}>\r\n            {{#if price.rrp_without_tax}}\r\n                <span data-product-rrp-without-tax class=\"price price--rrp\">{{price.rrp_without_tax.formatted}}</span>\r\n            {{/if}}\r\n            {{#if schema_org}}\r\n                <meta itemprop=\"price\" content=\"{{price.without_tax.value}}\">\r\n                <meta itemprop=\"priceCurrency\" content=\"{{currency_selector.active_currency_code}}\">\r\n                <meta itemprop=\"availability\" content=\"{{product.availability}}\">\r\n                <meta itemprop=\"itemCondition\" itemtype=\"http://schema.org/OfferItemCondition\" content=\"http://schema.org/{{product.condition}}Condition\">\r\n            {{/if}}\r\n            {{#if page_type '!==' 'product'}}\r\n                {{#if theme_settings.price_as_low_as}}\r\n                    <span translate>As low as </span>\r\n                {{/if}}\r\n            {{/if}}\r\n            <span data-product-price-without-tax class=\"price price--withoutTax\">{{price.without_tax.formatted}}</span>\r\n            {{#if price.with_tax}}\r\n                <abbr title=\"{{lang 'products.excluding_tax'}}\">{{lang 'products.price_without_tax' tax_label=price.tax_label}}</abbr>\r\n            {{/if}}\r\n        </div>\r\n    {{/if}}\r\n    {{#if page_type '===' 'product'}}\r\n        {{#if price.saved}}\r\n            <div class=\"price-section price-section--saving\">\r\n                <span class=\"price\">\r\n                    {{lang 'products.you_save' amount=price.saved.formatted}}\r\n                </span>\r\n            </div>\r\n        {{/if}}\r\n    {{/if}}\r\n{{else}}\r\n    {{#if price.with_tax}}\r\n        <div class=\"price-section price-section--withTax\" {{#if schema_org}}itemprop=\"offers\" itemscope itemtype=\"http://schema.org/Offer\"{{/if}}>\r\n            {{#if price.rrp_with_tax}}\r\n                <span data-product-rrp-with-tax class=\"price price--rrp\">{{price.rrp_with_tax.formatted}}</span>\r\n            {{/if}}\r\n            <span data-product-price-with-tax class=\"price\">{{price.with_tax.formatted}}</span>\r\n            {{#if price.without_tax}}\r\n                {{lang 'products.price_with_tax' tax_label=price.tax_label}}\r\n            {{/if}}\r\n        </div>\r\n    {{/if}}\r\n    {{#if price.without_tax}}\r\n        <div class=\"price-section price-section--withoutTax {{#if price.with_tax}}price-section--minor{{/if}}\"  {{#if schema_org}}itemprop=\"offers\" itemscope itemtype=\"http://schema.org/Offer\"{{/if}}>\r\n            {{#if price.rrp_without_tax}}\r\n                <span data-product-rrp-without-tax class=\"price price--rrp\">{{price.rrp_without_tax.formatted}}</span>\r\n            {{/if}}\r\n            {{#if schema_org}}\r\n                <meta itemprop=\"price\" content=\"{{price.without_tax.value}}\">\r\n                <meta itemprop=\"priceCurrency\" content=\"{{currency_selector.active_currency_code}}\">\r\n            {{/if}}\r\n            <span data-product-price-without-tax class=\"price price--withoutTax\">{{price.without_tax.formatted}}</span>\r\n            {{#if price.with_tax}}\r\n                <abbr title=\"{{lang 'products.excluding_tax'}}\">{{lang 'products.price_without_tax' tax_label=price.tax_label}}</abbr>\r\n            {{/if}}\r\n        </div>\r\n    {{/if}}\r\n    {{#if page_type '===' 'product'}}\r\n        {{#if price.saved}}\r\n            <div class=\"price-section price-section--saving\">\r\n                <span class=\"price\">\r\n                    {{lang 'products.you_save' amount=price.saved.formatted}}\r\n                </span>\r\n            </div>\r\n        {{/if}}\r\n    {{/if}}\r\n{{/or}}\r\n"
}